id;created_at;dropoff_time_from;dropoff_time_to;load_type_;item_length_;item_width_;item_height_;total_weight_;status;origin_postal_code;number_of_items_;shipper_id;driver_id;vehicle_id;distance;pallet_type_;price;cost;region;dropoff_at;cancelled_at;slug

1;2016-04-10 12:17:52.794362+00;2016-04-16 08:00:00+00;2016-04-16 09:00:00+00;PALLET;120;80;180;300;MANIFESTED;28970;4;328;138;163;38;EU_PALLET;8186;6697;MAD;2016-04-16;08:58:54.98038+00;van

2;2016-04-13 06:44:12.436959+00;2016-04-16 11:00:00+00;2016-04-16 11:00:00+00;PALLET;120;80;140;1749;MANIFESTED;28840;33;403;668;977;37;EU_PALLET;25356;20745;MAD;2016-04-16;11:24:02.207026+00;tractor_unit

3;2016-04-13 06:54:43.58874+00;2016-04-16 07:00:00+00;2016-04-16 08:00:00+00;PALLET;120;80;160;144;MANIFESTED;28500;1;879;600;915;45;EU_PALLET;4392;3594;MAD;2016-04-16;07:04:50.249186+00;box_van

4;2016-04-13 08:33:50.954874+00;2016-04-17 11:00:00+00;2016-04-17 11:00:00+00;PALLET;120;80;180;2049;MANIFESTED;45950;6;814;472;675;40;EU_PALLET;9983;8168;MAD;2016-04-17;10:26:48.482131+00;rigid_truck

5;2016-04-13 08:45:43.431376+00;2016-04-16 10:00:00+00;2016-04-16 13:00:00+00;PALLET;120;80;100;10;MANIFESTED;28031;1;167;265;339;24;EU_PALLET;2795;2287;MAD;2016-04-16;09:52:12.209813+00;van

6;2016-04-13 08:51:49.45898+00;2016-04-17 07:10:00+00;2016-04-17 07:10:00+00;PALLET;120;80;120;100;MANIFESTED;45950;1;814;472;675;49;EU_PALLET;4392;3594;MAD;2016-04-17;08:12:59.870025+00;rigid_truck

7;2016-04-13 11:28:16.721559+00;2016-04-16 10:00:00+00;2016-04-16 17:00:00+00;PALLET;100;50;140;2700;MANIFESTED;28350;5;1099;618;923;43;CUSTOM_PALLET;9983;8168;MAD;2016-04-16;11:34:15.386969+00;rigid_truck

8;2016-04-13 11:29:33.951781+00;2016-04-17 10:00:00+00;2016-04-17 10:00:00+00;PALLET;120;80;140;1749;MANIFESTED;28840;33;403;30;2;37;EU_PALLET;25356;20745;MAD;2016-04-17;10:54:15.956005+00;semi_trailer

9;2016-04-13 12:19:03.138789+00;2016-04-16 08:00:00+00;2016-04-16 12:00:00+00;PALLET;120;80;140;160;MANIFESTED;28906;1;1097;665;789;18;EU_PALLET;2795;2287;MAD;2016-04-16;08:20:43.277165+00;box_van

10;2016-04-13 12:34:12.544466+00;2016-04-16 09:30:00+00;2016-04-16 13:00:00+00;PALLET;120;80;180;5000;MANIFESTED;28052;5;235;97;121;29;EU_PALLET;14974;12251;MAD;2016-04-16;09:51:32.039885+00;rigid_truck

11;2016-04-13 13:54:29.600421+00;2016-04-16 09:00:00+00;2016-04-16 09:00:00+00;PALLET;120;80;180;970;MANIFESTED;45950;1;814;665;789;49;EU_PALLET;4392;3594;MAD;2016-04-16;09:33:30.183742+00;box_van

12;2016-04-13 14:38:43.653241+00;2016-04-16 13:00:00+00;2016-04-16 15:00:00+00;PALLET;120;80;90;565;MANIFESTED;28840;1;678;587;867;37;EU_PALLET;4392;3594;MAD;2016-04-16;12:12:51.147424+00;van

13;2016-04-13 16:55:12.981184+00;2016-04-16 10:00:00+00;2016-04-16 11:00:00+00;PALLET;120;80;90;40;MANIFESTED;45222;1;734;449;615;59;EU_PALLET;6988;5717;MAD;2016-04-16;10:31:27.070821+00;van

14;2016-04-13 16:59:52.650996+00;2016-04-16 11:00:00+00;2016-04-16 13:00:00+00;PALLET;120;80;90;10;MANIFESTED;28821;1;6;587;867;57;EU_PALLET;6988;5717;MAD;2016-04-16;10:22:15.883154+00;van

15;2016-04-13 17:06:06.044425+00;2016-04-16 10:00:00+00;2016-04-16 12:00:00+00;PALLET;120;100;200;400;MANIFESTED;28330;2;624;18;27;18;US_PALLET;6588;5391;MAD;2016-04-16;10:27:42.33602+00;box_van

16;2016-04-13 17:19:56.972168+00;2016-04-16 07:00:00+00;2016-04-16 08:00:00+00;PALLET;120;80;120;20000;MANIFESTED;45250;33;4;30;2;28;EU_PALLET;25356;20745;MAD;2016-04-16;08:16:37.207175+00;semi_trailer

17;2016-04-16 08:23:50.475703+00;2016-04-16 12:00:00+00;2016-04-16 15:00:00+00;PALLET;120;80;160;2500;MANIFESTED;5001;5;967;635;966;107;EU_PALLET;15972;13068;MAD;2016-04-16;15:08:16.041995+00;rigid_truck

18;2016-04-16 08:28:53.454114+00;2016-04-16 10:00:00+00;2016-04-16 13:00:00+00;PALLET;120;80;160;2900;CANCELLED;28918;7;967;635;966;14;EU_PALLET;9783;8004;MAD;2016-04-16;09:18:42.45802+00;rigid_truck

19;2016-04-16 08:44:40.338092+00;2016-04-16 11:00:00+00;2016-04-16 13:00:00+00;PALLET;120;80;90;450;MANIFESTED;28923;1;885;138;163;80;EU_PALLET;9783;8004;MAD;2016-04-16;11:31:38.234465+00;van

20;2016-04-16 09:34:49.044068+00;2016-04-17 08:00:00+00;2016-04-17 12:00:00+00;PALLET;120;80;140;340;MANIFESTED;28906;3;1097;448;614;48;EU_PALLET;7187;5881;MAD;2016-04-17;08:28:11.784715+00;van

21;2016-04-16 09:56:44.993+00;2016-04-17 09:00:00+00;2016-04-17 12:00:00+00;PALLET;120;80;100;800;MANIFESTED;28823;2;782;665;789;8;EU_PALLET;3993;3267;MAD;2016-04-17;09:01:41.889862+00;box_van

22;2016-04-16 10:07:20.205442+00;2016-04-16 13:00:00+00;2016-04-16 13:00:00+00;PALLET;120;80;140;1200;MANIFESTED;28014;4;487;667;1010;72;EU_PALLET;12778;10454;MAD;2016-04-16;13:02:54.872931+00;rigid_truck

23;2016-04-16 10:23:01.030606+00;2016-04-19 08:00:00+00;2016-04-19 10:00:00+00;PALLET;120;80;120;1000;MANIFESTED;28970;2;1007;667;1010;77;EU_PALLET;9983;8168;MAD;2016-04-19;11:22:55.413728+00;rigid_truck

24;2016-04-16 10:35:30.1535+00;2016-04-17 14:00:00+00;2016-04-17 17:00:00+00;PALLET;120;80;90;291;MANIFESTED;28906;1;1124;138;163;43;EU_PALLET;4392;3594;MAD;2016-04-17;11:25:02.052695+00;van

25;2016-04-16 11:01:09.203974+00;2016-04-17 06:35:00+00;2016-04-17 06:35:00+00;PALLET;120;80;180;1383;MANIFESTED;45950;3;814;126;205;40;EU_PALLET;8984;7351;MAD;2016-04-17;07:22:43.747342+00;rigid_truck

26;2016-04-16 11:04:00.3615+00;2016-04-16 14:00:00+00;2016-04-16 15:00:00+00;PALLET;120;80;180;550;CANCELLED;28320;1;300;17;27;32;EU_PALLET;8385;6861;MAD;2016-04-16;11:12:13.811439+00;box_van

27;2016-04-16 11:08:59.776434+00;2016-04-17 10:00:00+00;2016-04-17 11:00:00+00;PALLET;120;120;160;2160;MANIFESTED;28400;2;925;658;956;12;CUSTOM_PALLET;7187;5881;MAD;2016-04-17;12:20:24.942799+00;rigid_truck

28;2016-04-16 11:24:14.666237+00;2016-04-17 09:00:00+00;2016-04-17 10:00:00+00;PALLET;120;80;140;100;MANIFESTED;28820;1;925;129;151;14;EU_PALLET;2795;2287;MAD;2016-04-17;09:16:28.139569+00;van

29;2016-04-16 12:03:33.725983+00;2016-04-16 15:00:00+00;2016-04-16 15:00:00+00;PALLET;120;80;160;500;MANIFESTED;8130;1;628;487;697;33;EU_PALLET;11180;9148;BCN;2016-04-16;14:56:46.610344+00;van

30;2016-04-16 15:02:30.042974+00;2016-04-17 09:00:00+00;2016-04-17 15:00:00+00;PALLET;120;80;90;150;MANIFESTED;45600;1;536;138;163;148;EU_PALLET;12578;10291;MAD;2016-04-17;09:51:53.642352+00;van

31;2016-04-16 15:12:59.215209+00;2016-04-16 18:00:00+00;2016-04-16 18:00:00+00;PALLET;120;80;180;350;MANIFESTED;28821;1;536;138;163;18;EU_PALLET;5790;4737;MAD;2016-04-16;16:17:24.085782+00;van

32;2016-04-16 16:04:02.843177+00;2016-04-17 10:00:00+00;2016-04-17 12:00:00+00;PALLET;120;80;200;1800;MANIFESTED;8830;9;1034;611;935;17;EU_PALLET;14974;12251;BCN;2016-04-17;10:27:18.961453+00;rigid_truck

33;2016-04-16 16:31:52.083555+00;2016-04-17 08:00:00+00;2016-04-17 11:00:00+00;PALLET;120;80;140;1680;MANIFESTED;28820;3;700;667;1010;119;EU_PALLET;15373;12578;MAD;2016-04-17;11:12:51.223521+00;rigid_truck

34;2016-04-16 17:11:23.610598+00;2016-04-17 12:00:00+00;2016-04-17 16:00:00+00;PALLET;120;80;90;500;MANIFESTED;28806;1;744;665;789;54;EU_PALLET;6988;5717;MAD;2016-04-17;10:52:55.932973+00;box_van

35;2016-04-16 18:37:31.866126+00;2016-04-17 08:00:00+00;2016-04-17 09:00:00+00;PALLET;120;80;100;13500;MANIFESTED;8820;33;628;436;603;35;EU_PALLET;39531;32343;BCN;2016-04-17;09:56:23.890525+00;semi_trailer

36;2016-04-16 18:45:40.126239+00;2016-04-17 07:30:00+00;2016-04-17 07:45:00+00;PALLET;120;80;100;1117;MANIFESTED;28830;4;911;127;148;14;EU_PALLET;8186;6697;MAD;2016-04-17;09:07:38.808998+00;van

37;2016-04-16 19:35:44.37183+00;2016-04-17 16:00:00+00;2016-04-17 19:00:00+00;PALLET;120;80;120;5400;MANIFESTED;8450;6;406;305;428;7;EU_PALLET;17569;14375;BCN;2016-04-17;15:50:31.353762+00;rigid_truck

38;2016-04-17 08:30:28.831993+00;2016-04-17 11:00:00+00;2016-04-17 11:00:00+00;PALLET;120;80;120;2200;MANIFESTED;45250;4;4;97;122;52;EU_PALLET;12778;10454;MAD;2016-04-17;10:56:57.869276+00;rigid_truck

39;2016-04-17 08:42:10.445889+00;2016-04-17 11:00:00+00;2016-04-17 12:00:00+00;PALLET;120;100;140;2280;MANIFESTED;28014;5;487;126;205;22;US_PALLET;9783;8004;MAD;2016-04-17;11:49:32.301122+00;rigid_truck

40;2016-04-17 08:54:41.590372+00;2016-04-17 15:00:00+00;2016-04-17 15:00:00+00;PALLET;120;80;140;2500;MANIFESTED;5001;5;967;635;966;107;EU_PALLET;15972;13068;MAD;2016-04-17;14:31:40.520958+00;rigid_truck

41;2016-04-17 08:56:55.535654+00;2016-04-18 10:00:00+00;2016-04-18 14:00:00+00;PALLET;120;80;180;250;MANIFESTED;28026;1;561;265;339;45;EU_PALLET;4392;3594;MAD;2016-04-18;09:28:07.984255+00;van

42;2016-04-17 09:10:03.262824+00;2016-04-18 08:00:00+00;2016-04-18 12:00:00+00;PALLET;120;100;160;6125;MANIFESTED;28906;5;1018;97;122;19;US_PALLET;11380;9311;MAD;2016-04-18;09:22:45.778819+00;rigid_truck

43;2016-04-17 09:33:32.307871+00;2016-04-17 15:30:00+00;2016-04-17 19:00:00+00;PALLET;120;100;160;6125;MANIFESTED;28906;5;1018;618;923;50;US_PALLET;19566;16008;MAD;2016-04-17;15:57:44.303966+00;rigid_truck

44;2016-04-17 10:51:51.455521+00;2016-04-17 13:00:00+00;2016-04-17 14:00:00+00;PALLET;120;80;140;600;MANIFESTED;28918;2;967;536;760;33;EU_PALLET;8785;7187;MAD;2016-04-17;14:04:33.465205+00;box_van

45;2016-04-17 11:13:46.357377+00;2016-04-18 11:00:00+00;2016-04-18 12:00:00+00;PALLET;120;80;180;600;MANIFESTED;28906;2;632;138;163;47;EU_PALLET;5790;4737;MAD;2016-04-18;10:42:03.772453+00;van

46;2016-04-17 11:20:41.982736+00;2016-04-18 10:00:00+00;2016-04-18 11:00:00+00;PALLET;120;80;90;50;MANIFESTED;28840;1;403;129;151;42;EU_PALLET;4392;3594;MAD;2016-04-18;09:46:47.393019+00;van

47;2016-04-17 11:59:13.982651+00;2016-04-17 16:00:00+00;2016-04-17 17:00:00+00;PALLET;120;80;100;1080;MANIFESTED;28400;2;925;665;789;0;EU_PALLET;5990;4901;MAD;2016-04-17;17:02:06.168724+00;box_van

48;2016-04-17 12:20:18.87607+00;2016-04-19 08:00:00+00;2016-04-19 09:00:00+00;PALLET;120;80;100;800;MANIFESTED;28991;3;4;138;163;32;EU_PALLET;7187;5881;MAD;2016-04-19;07:36:49.017753+00;van

49;2016-04-17 12:42:30.645614+00;2016-04-18 04:00:00+00;2016-04-18 07:00:00+00;PALLET;120;80;90;500;MANIFESTED;28670;5;224;126;205;27;EU_PALLET;11779;9638;MAD;2016-04-18;07:12:07.991331+00;rigid_truck

50;2016-04-17 12:43:15.065003+00;2016-04-18 07:00:00+00;2016-04-18 14:00:00+00;PALLET;120;80;140;600;MANIFESTED;28946;1;1097;138;163;9;EU_PALLET;2795;2287;MAD;2016-04-18;06:51:13.450431+00;van

51;2016-04-17 13:09:18.040121+00;2016-04-17 17:00:00+00;2016-04-17 19:00:00+00;PALLET;120;80;220;1500;MANIFESTED;28971;5;300;613;859;45;EU_PALLET;11779;9638;MAD;2016-04-17;16:46:36.676063+00;tractor_unit

52;2016-04-17 13:33:46.738783+00;2016-04-18 10:00:00+00;2016-04-18 11:00:00+00;PALLET;120;220;90;107;MANIFESTED;8940;1;850;650;979;9;CUSTOM_PALLET;8585;7024;BCN;2016-04-18;09:54:25.994104+00;box_van

53;2016-04-17 13:38:01.806136+00;2016-04-17 17:00:00+00;2016-04-17 19:00:00+00;PALLET;120;80;120;400;MANIFESTED;5290;1;967;497;711;115;EU_PALLET;11380;9311;MAD;2016-04-17;18:46:31.015029+00;van

54;2016-04-17 13:57:29.494939+00;2016-04-18 09:00:00+00;2016-04-18 09:00:00+00;PALLET;120;80;180;970;MANIFESTED;45950;1;814;665;789;49;EU_PALLET;4392;3594;MAD;2016-04-18;09:07:39.172916+00;box_van

55;2016-04-17 14:33:34.938361+00;2016-04-18 08:00:00+00;2016-04-18 10:00:00+00;PALLET;120;80;90;10;MANIFESTED;19208;1;693;31;61;40;EU_PALLET;4392;3594;MAD;2016-04-18;08:41:51.476875+00;van

56;2016-04-17 15:48:19.847119+00;2016-04-19 10:00:00+00;2016-04-19 16:00:00+00;PALLET;120;80;160;1500;MANIFESTED;28906;3;1156;138;163;14;EU_PALLET;6588;5391;MAD;2016-04-19;09:14:16.852147+00;van

57;2016-04-17 16:58:55.132312+00;2016-04-18 10:00:00+00;2016-04-18 12:00:00+00;PALLET;120;80;140;3000;MANIFESTED;8450;3;406;611;935;47;EU_PALLET;10581;8658;BCN;2016-04-18;11:05:29.834029+00;rigid_truck

58;2016-04-17 18:57:20.119572+00;2016-04-20 06:00:00+00;2016-04-20 12:00:00+00;PALLET;120;80;140;2107;MANIFESTED;28906;5;902;126;205;85;EU_PALLET;13177;10781;MAD;2016-04-20;08:27:03.788756+00;rigid_truck

59;2016-04-17 19:37:31.267657+00;2016-04-18 11:00:00+00;2016-04-18 13:00:00+00;PALLET;120;80;100;5500;MANIFESTED;28970;21;235;171;237;54;EU_PALLET;25156;20582;MAD;2016-04-18;09:42:22.298338+00;semi_trailer

60;2016-04-18 07:49:41.543151+00;2016-04-18 10:00:00+00;2016-04-18 12:00:00+00;PALLET;120;80;120;120;MANIFESTED;28014;1;487;276;397;55;EU_PALLET;9184;7514;MAD;2016-04-18;10:40:02.479457+00;box_van

61;2016-04-18 08:06:39.722754+00;2016-04-18 15:00:00+00;2016-04-18 15:00:00+00;PALLET;120;80;140;2500;MANIFESTED;5001;5;967;526;748;107;EU_PALLET;15972;13068;MAD;2016-04-18;15:08:47.729471+00;rigid_truck

62;2016-04-18 08:31:28.299566+00;2016-04-18 11:00:00+00;2016-04-18 11:00:00+00;PALLET;120;80;90;140;MANIFESTED;28014;2;487;138;163;22;EU_PALLET;5990;4901;MAD;2016-04-18;09:56:00.522123+00;van

63;2016-04-18 09:29:35.52045+00;2016-04-19 09:00:00+00;2016-04-19 10:00:00+00;PALLET;120;80;140;1802;MANIFESTED;28840;33;403;668;998;37;EU_PALLET;25356;20745;MAD;2016-04-19;10:21:30.518338+00;semi_trailer

64;2016-04-18 09:32:58.452124+00;2016-04-18 15:00:00+00;2016-04-18 17:00:00+00;PALLET;120;80;160;14500;MANIFESTED;28864;29;1159;171;237;28;EU_PALLET;30546;24993;MAD;2016-04-18;15:59:37.846842+00;semi_trailer

65;2016-04-18 09:42:54.972999+00;2016-04-19 10:00:00+00;2016-04-19 12:00:00+00;PALLET;120;80;180;480;MANIFESTED;28026;3;561;126;205;45;EU_PALLET;7187;5881;MAD;2016-04-19;08:52:21.041657+00;rigid_truck

66;2016-04-18 09:59:07.673753+00;2016-04-18 13:00:00+00;2016-04-18 13:00:00+00;PALLET;120;80;100;45;MANIFESTED;28522;1;235;126;205;22;EU_PALLET;5790;4737;MAD;2016-04-18;11:20:47.765853+00;rigid_truck

67;2016-04-18 10:11:59.620398+00;2016-04-18 16:00:00+00;2016-04-18 16:30:00+00;PALLET;120;100;220;1155;MANIFESTED;28814;8;1120;619;941;35;US_PALLET;15373;12578;MAD;2016-04-18;15:40:15.243291+00;rigid_truck

68;2016-04-18 11:10:10.981912+00;2016-04-18 13:00:00+00;2016-04-18 15:00:00+00;PALLET;120;80;90;5;MANIFESTED;28821;1;6;587;867;9;EU_PALLET;5790;4737;MAD;2016-04-18;12:48:00.805994+00;van

69;2016-04-18 11:19:09.447208+00;2016-04-20 09:00:00+00;2016-04-20 15:00:00+00;PALLET;120;80;230;4000;MANIFESTED;8430;20;571;631;960;114;EU_PALLET;31744;25973;BCN;2016-04-20;13:51:40.667679+00;rigid_truck

70;2016-04-18 11:51:14.872926+00;2016-04-19 10:30:00+00;2016-04-19 11:30:00+00;PALLET;120;80;160;600;MANIFESTED;28814;3;632;138;163;0;EU_PALLET;5191;4247;MAD;2016-04-19;10:43:35.604992+00;van

71;2016-04-18 12:09:22.091321+00;2016-04-19 12:00:00+00;2016-04-19 13:00:00+00;PALLET;120;80;160;6800;MANIFESTED;28906;15;1123;648;1058;43;EU_PALLET;14974;12251;MAD;2016-04-19;11:45:16.158299+00;semi_trailer

72;2016-04-18 12:29:09.77279+00;2016-04-19 09:00:00+00;2016-04-19 11:00:00+00;PALLET;120;80;90;40;MANIFESTED;28820;1;700;129;151;9;EU_PALLET;2795;2287;MAD;2016-04-19;08:45:25.615591+00;van

73;2016-04-18 13:08:17.192848+00;2016-04-19 11:00:00.206+00;2016-04-19 11:00:00.206+00;PALLET;120;80;180;540;MANIFESTED;45950;3;814;734;1113;40;EU_PALLET;7187;5881;MAD;2016-04-19;11:32:31.175404+00;box_van

74;2016-04-18 13:13:07.693991+00;2016-04-20 07:45:00+00;2016-04-20 07:45:00+00;PALLET;120;80;180;2545;MANIFESTED;45950;3;814;123;144;98;EU_PALLET;13177;10781;MAD;2016-04-20;09:47:14.626671+00;rigid_truck

75;2016-04-18 14:10:00.814732+00;2016-04-23 08:00:00+00;2016-04-23 11:00:00+00;PALLET;120;80;120;1800;MANIFESTED;28970;3;235;658;956;77;EU_PALLET;13177;10781;MAD;2016-04-23;09:56:34.657277+00;rigid_truck

76;2016-04-18 14:50:26.841899+00;2016-04-19 11:00:00+00;2016-04-19 15:00:00+00;PALLET;120;80;90;200;MANIFESTED;45500;3;1124;31;61;77;EU_PALLET;10382;8494;MAD;2016-04-19;10:36:21.132139+00;van

77;2016-04-18 15:07:36.872681+00;2016-04-20 06:00:00+00;2016-04-20 07:00:00+00;PALLET;120;80;150;7000;MANIFESTED;45529;14;603;339;470;64;EU_PALLET;17969;14702;MAD;2016-04-20;06:57:42.374028+00;rigid_truck

78;2016-04-18 15:51:27.307927+00;2016-04-19 09:00:00+00;2016-04-19 12:00:00+00;PALLET;120;80;140;100;MANIFESTED;28806;1;880;26;51;95;EU_PALLET;9384;7677;MAD;2016-04-19;09:48:25.4972+00;box_van

79;2016-04-18 16:01:46.532016+00;2016-04-19 10:00:00+00;2016-04-19 13:00:00+00;PALLET;120;80;120;1114;MANIFESTED;8820;2;628;629;957;24;EU_PALLET;7587;6207;BCN;2016-04-19;10:17:55.450893+00;box_van

80;2016-04-18 16:09:00.046089+00;2016-04-19 08:00:00+00;2016-04-19 09:00:00+00;PALLET;120;100;270;9000;MANIFESTED;28823;22;1056;648;1058;32;US_PALLET;23559;19275;MAD;2016-04-19;08:52:42.105177+00;semi_trailer

81;2016-04-18 16:50:41.601821+00;2016-04-19 09:00:00+00;2016-04-19 17:00:00+00;PALLET;120;80;90;117;MANIFESTED;28821;1;536;665;789;40;EU_PALLET;4392;3594;MAD;2016-04-19;09:08:52.903906+00;box_van

82;2016-04-18 17:14:02.725836+00;2016-04-19 11:00:00+00;2016-04-19 12:00:00+00;PALLET;120;80;120;2475;MANIFESTED;28820;3;700;278;394;147;EU_PALLET;17569;14375;MAD;2016-04-19;09:38:21.183779+00;rigid_truck

83;2016-04-18 17:28:25.456543+00;2016-04-19 10:00:00+00;2016-04-19 11:00:00+00;PALLET;120;80;160;1788;MANIFESTED;28820;3;700;422;585;40;EU_PALLET;8984;7351;MAD;2016-04-19;10:12:38.937283+00;van

84;2016-04-19 08:17:49.925697+00;2016-04-23 13:10:00+00;2016-04-23 13:10:00+00;PALLET;120;80;180;636;MANIFESTED;45950;1;814;126;205;28;EU_PALLET;4392;3594;MAD;2016-04-23;12:43:49.097554+00;rigid_truck

85;2016-04-19 08:36:12.355893+00;2016-04-19 11:00:00+00;2016-04-19 12:00:00+00;PALLET;120;100;140;400;MANIFESTED;28014;2;487;384;547;73;US_PALLET;10182;8331;MAD;2016-04-19;10:45:45.138594+00;box_van

86;2016-04-19 08:41:31.413677+00;2016-04-19 11:00:00+00;2016-04-19 12:00:00+00;PALLET;120;100;160;300;MANIFESTED;28014;2;487;475;682;65;US_PALLET;10182;8331;MAD;2016-04-19;11:59:41.70586+00;van

87;2016-04-19 08:44:34.790698+00;2016-04-19 11:00:00+00;2016-04-19 13:30:00+00;PALLET;120;80;160;1000;MANIFESTED;28802;1;235;126;205;84;EU_PALLET;9783;8004;MAD;2016-04-19;13:03:09.797521+00;rigid_truck

88;2016-04-19 09:08:01.312272+00;2016-04-19 15:00:00+00;2016-04-19 16:00:00+00;PALLET;120;80;180;2272;MANIFESTED;28802;3;235;619;941;82;EU_PALLET;13576;11108;MAD;2016-04-19;16:08:09.91693+00;rigid_truck

89;2016-04-19 09:28:20.239608+00;2016-04-19 12:00:00+00;2016-04-19 12:00:00+00;PALLET;120;80;160;150;MANIFESTED;28840;1;403;448;614;32;EU_PALLET;8385;6861;MAD;2016-04-19;11:10:45.366818+00;van

90;2016-04-19 09:33:09.814349+00;2016-04-20 10:00:00+00;2016-04-20 11:00:00+00;PALLET;120;80;100;8;MANIFESTED;28031;1;167;138;163;13;EU_PALLET;2795;2287;MAD;2016-04-20;09:23:52.211125+00;van

91;2016-04-19 09:45:02.653231+00;2016-04-20 08:00:00+00;2016-04-20 10:00:00+00;PALLET;120;80;120;200;MANIFESTED;28500;1;879;138;163;45;EU_PALLET;4392;3594;MAD;2016-04-20;08:04:05.225769+00;van

92;2016-04-19 09:45:21.97937+00;2016-04-20 14:00:00+00;2016-04-20 16:00:00+00;PALLET;120;80;240;1225;MANIFESTED;8571;7;796;669;1011;108;EU_PALLET;20364;16662;BCN;2016-04-20;11:26:51.769929+00;rigid_truck

93;2016-04-19 10:29:16.708785+00;2016-04-23 09:00:00+00;2016-04-23 10:00:00+00;PALLET;160;220;180;15;MANIFESTED;28021;4;165;661;954;22;CUSTOM_PALLET;13976;11435;MAD;2016-04-23;09:31:09.24871+00;rigid_truck

94;2016-04-19 10:45:36.597756+00;2016-04-20 08:00:00+00;2016-04-20 08:00:00+00;PALLET;120;80;180;1940;MANIFESTED;45950;2;814;635;966;49;EU_PALLET;8984;7351;MAD;2016-04-20;07:54:26.751596+00;rigid_truck

95;2016-04-19 10:54:11.562222+00;2016-04-20 10:00:00+00;2016-04-20 14:00:00+00;PALLET;120;80;100;600;MANIFESTED;19200;4;1097;129;151;60;EU_PALLET;9983;8168;MAD;2016-04-20;11:21:02.594032+00;van

96;2016-04-19 10:55:12.978656+00;2016-04-19 12:00:00+00;2016-04-19 13:00:00+00;PALLET;120;80;180;800;MANIFESTED;28802;1;235;33;76;50;EU_PALLET;8385;6861;MAD;2016-04-19;13:05:37.345343+00;box_van

97;2016-04-19 11:30:54.065013+00;2016-04-20 09:00:00+00;2016-04-20 11:00:00+00;PALLET;120;80;180;4887;MANIFESTED;45950;7;814;30;2;63;EU_PALLET;17969;14702;MAD;2016-04-20;10:10:51.684215+00;semi_trailer

98;2016-04-19 11:42:27.56193+00;2016-04-20 08:00:00+00;2016-04-20 09:00:00+00;PALLET;120;80;180;900;MANIFESTED;28820;3;700;665;789;9;EU_PALLET;5191;4247;MAD;2016-04-20;08:33:32.995578+00;box_van

99;2016-04-19 11:50:13.630722+00;2016-04-19 16:00:00+00;2016-04-19 16:00:00+00;PALLET;120;80;180;300;MANIFESTED;28823;4;632;129;151;22;EU_PALLET;7187;5881;MAD;2016-04-19;15:41:03.303639+00;van

100;2016-04-19 12:59:32.99667+00;2016-04-20 07:30:00+00;2016-04-20 11:00:00+00;PALLET;120;100;140;150;MANIFESTED;28500;1;12;138;163;24;US_PALLET;2795;2287;MAD;2016-04-20;09:03:17.859792+00;van

101;2016-04-19 14:44:59.03507+00;2016-04-20 09:00:00+00;2016-04-20 11:00:00+00;PALLET;120;80;90;10;MANIFESTED;28108;1;693;737;419;40;EU_PALLET;4392;3594;MAD;2016-04-20;09:43:20.59733+00;box_van

102;2016-04-19 15:51:50.089499+00;2016-04-20 09:00:00+00;2016-04-20 12:00:00+00;PALLET;120;80;180;500;MANIFESTED;28821;4;12;126;205;3;EU_PALLET;5790;4737;MAD;2016-04-20;11:25:01.672956+00;rigid_truck

103;2016-04-19 16:42:54.089068+00;2016-04-19 18:00:00+00;2016-04-19 19:00:00+00;PALLET;120;80;160;900;MANIFESTED;28802;1;235;665;789;33;EU_PALLET;8385;6861;MAD;2016-04-19;18:46:37.378993+00;box_van

104;2016-04-19 17:04:38.767992+00;2016-04-20 07:00:00+00;2016-04-20 07:00:00+00;PALLET;120;80;140;8000;MANIFESTED;28918;27;967;729;1104;49;EU_PALLET;21762;17805;MAD;2016-04-20;07:51:00.070752+00;semi_trailer

105;2016-04-19 17:58:21.738982+00;2016-04-19 20:00:00+00;2016-04-19 21:00:00+00;PALLET;120;80;90;300;MANIFESTED;8019;2;1171;650;979;7;EU_PALLET;6988;5717;BCN;2016-04-19;19:48:08.797406+00;box_van

106;2016-04-19 20:09:32.932554+00;2016-04-20 10:00:00+00;2016-04-20 11:00:00+00;PALLET;120;80;120;700;MANIFESTED;28760;2;76;384;547;52;EU_PALLET;9583;7841;MAD;2016-04-20;09:51:07.114919+00;box_van

107;2016-04-20 07:36:51.291352+00;2016-04-20 15:00:00+00;2016-04-20 15:00:00+00;PALLET;120;80;160;3500;MANIFESTED;5001;10;967;635;966;107;EU_PALLET;20764;16988;MAD;2016-04-20;14:06:48.590133+00;rigid_truck

108;2016-04-20 08:20:02.612121+00;2016-04-20 12:00:00+00;2016-04-20 19:00:00+00;PALLET;120;80;120;400;MANIFESTED;28860;1;7;138;163;14;EU_PALLET;5790;4737;MAD;2016-04-20;10:19:36.564803+00;van

109;2016-04-20 08:21:29.245535+00;2016-04-20 11:00:00+00;2016-04-20 16:00:00+00;PALLET;120;80;210;15000;MANIFESTED;28500;23;916;613;859;32;EU_PALLET;26154;21399;MAD;2016-04-20;14:56:16.70909+00;tractor_unit

110;2016-04-20 08:34:56.53409+00;2016-04-20 11:00:00+00;2016-04-20 11:00:00+00;PALLET;120;80;140;250;MANIFESTED;8820;1;628;487;697;33;EU_PALLET;9783;8004;BCN;2016-04-20;10:49:18.714023+00;van

111;2016-04-20 09:19:45.903289+00;2016-04-21 10:00:00+00;2016-04-21 18:00:00+00;PALLET;120;80;200;12000;MANIFESTED;45224;24;1174;254;457;28;EU_PALLET;20165;16498;MAD;2016-04-21;12:35:27.718974+00;semi_trailer

112;2016-04-20 09:21:09.310825+00;2016-04-21 11:00:00+00;2016-04-21 17:00:00+00;PALLET;120;80;200;12000;MANIFESTED;45224;24;1174;662;998;28;EU_PALLET;20165;16498;MAD;2016-04-21;14:02:00.678301+00;semi_trailer

113;2016-04-20 09:45:45.078039+00;2016-04-23 08:00:00+00;2016-04-23 09:00:00+00;PALLET;120;80;120;2000;MANIFESTED;28970;3;4;126;205;39;EU_PALLET;8984;7351;MAD;2016-04-23;08:21:44.227547+00;rigid_truck

114;2016-04-20 10:00:03.007376+00;2016-04-20 15:00:00+00;2016-04-20 16:00:00+00;PALLET;120;100;180;1800;MANIFESTED;45340;8;700;569;827;58;US_PALLET;16571;13558;MAD;2016-04-20;12:17:31.853493+00;semi_trailer

115;2016-04-20 10:12:06.92371+00;2016-04-23 08:00:00+00;2016-04-23 08:00:00+00;PALLET;120;80;180;1940;MANIFESTED;45950;2;814;570;800;49;EU_PALLET;8984;7351;MAD;2016-04-23;09:04:35.387551+00;box_van

116;2016-04-20 10:33:38.538891+00;2016-04-23 07:00:00+00;2016-04-23 08:00:00+00;PALLET;120;80;120;4000;MANIFESTED;45250;10;4;30;13;33;EU_PALLET;14974;12251;MAD;2016-04-23;08:19:43.737391+00;rigid_truck

117;2016-04-20 10:34:05.006043+00;2016-04-24 11:00:00+00;2016-04-24 11:00:00+00;PALLET;120;80;180;1626;MANIFESTED;45950;5;814;367;512;40;EU_PALLET;8984;7351;MAD;2016-04-24;12:15:20.207645+00;rigid_truck

118;2016-04-20 10:38:08.231487+00;2016-04-23 15:00:00+00;2016-04-23 16:00:00+00;PALLET;120;80;180;2200;MANIFESTED;28914;4;1176;126;205;29;EU_PALLET;8984;7351;MAD;2016-04-23;14:58:05.589725+00;rigid_truck

119;2016-04-20 10:42:24.368259+00;2016-04-23 09:30:00+00;2016-04-23 12:00:00+00;PALLET;120;80;90;40;MANIFESTED;28033;1;6;138;163;13;EU_PALLET;2795;2287;MAD;2016-04-23;09:17:30.649158+00;van

120;2016-04-20 10:43:50.589521+00;2016-04-20 13:00:00+00;2016-04-20 15:00:00+00;PALLET;120;80;160;1500;MANIFESTED;5001;5;967;526;748;107;EU_PALLET;15972;13068;MAD;2016-04-20;15:17:16.368495+00;rigid_truck

121;2016-04-20 11:42:32.5486+00;2016-04-20 14:00:00+00;2016-04-20 16:00:00+00;PALLET;120;80;160;1000;MANIFESTED;28042;2;624;665;789;30;EU_PALLET;8785;7187;MAD;2016-04-20;15:33:54.956903+00;box_van

122;2016-04-20 11:51:20.663352+00;2016-04-26 07:00:00+00;2016-04-26 07:00:00+00;PALLET;120;80;200;3150;MANIFESTED;28947;30;454;648;977;67;EU_PALLET;27951;22869;MAD;2016-04-26;07:38:08.969147+00;tractor_unit

123;2016-04-20 12:25:50.092636+00;2016-04-23 07:00:00+00;2016-04-23 08:00:00+00;PALLET;120;80;120;2000;MANIFESTED;28918;7;4;30;13;52;EU_PALLET;13377;10944;MAD;2016-04-23;07:23:40.667417+00;rigid_truck

124;2016-04-20 12:26:50.231555+00;2016-04-23 09:00:00+00;2016-04-23 16:00:00+00;PALLET;120;100;100;65;MANIFESTED;28816;1;782;138;163;52;US_PALLET;6988;5717;MAD;2016-04-23;09:54:35.886461+00;van

125;2016-04-20 12:32:56.542921+00;2016-04-23 11:00:00+00;2016-04-23 11:00:00+00;PALLET;120;80;120;1200;MANIFESTED;28840;33;403;171;237;37;EU_PALLET;25356;20745;MAD;2016-04-23;12:13:44.52808+00;semi_trailer

126;2016-04-20 13:08:29.394443+00;2016-04-23 08:00:00+00;2016-04-23 10:00:00+00;PALLET;120;80;210;150;MANIFESTED;28946;3;970;635;966;44;EU_PALLET;8984;7351;MAD;2016-04-23;09:10:31.97795+00;rigid_truck

127;2016-04-20 13:18:14.07358+00;2016-04-23 11:00:00+00;2016-04-23 13:00:00+00;PALLET;160;220;160;750;MANIFESTED;28021;2;165;661;954;22;CUSTOM_PALLET;8585;7024;MAD;2016-04-23;12:00:56.990578+00;rigid_truck

128;2016-04-20 14:28:18.530409+00;2016-04-23 10:00:00+00;2016-04-23 12:00:00+00;PALLET;120;80;180;900;MANIFESTED;28906;5;1097;668;977;60;EU_PALLET;11180;9148;MAD;2016-04-23;09:33:39.70778+00;tractor_unit

129;2016-04-20 15:09:45.074337+00;2016-04-23 08:00:00+00;2016-04-23 10:00:00+00;PALLET;120;80;90;10;MANIFESTED;19208;1;693;448;614;40;EU_PALLET;4392;3594;MAD;2016-04-23;08:19:24.594975+00;van

130;2016-04-20 16:29:52.813211+00;2016-04-23 10:00:00+00;2016-04-23 12:00:00+00;PALLET;120;80;100;80;MANIFESTED;28821;1;6;600;915;18;EU_PALLET;2795;2287;MAD;2016-04-23;09:57:13.978732+00;box_van

131;2016-04-20 16:59:28.722138+00;2016-04-23 08:00:00+00;2016-04-23 11:00:00+00;PALLET;120;80;220;1722;MANIFESTED;28850;6;1015;278;394;47;EU_PALLET;9983;8168;MAD;2016-04-23;09:08:43.738441+00;rigid_truck

132;2016-04-21 11:17:40.266847+00;2016-04-21 14:00:00+00;2016-04-21 18:00:00+00;PALLET;120;80;200;12000;MANIFESTED;45224;24;1174;736;1058;28;EU_PALLET;26154;21399;MAD;2016-04-21;15:16:56.471144+00;semi_trailer

133;2016-04-21 11:21:03.544513+00;2016-04-21 16:00:00+00;2016-04-21 18:00:00+00;PALLET;120;80;200;12000;MANIFESTED;45224;24;1174;736;1058;28;EU_PALLET;26154;21399;MAD;2016-04-21;19:36:22.526468+00;semi_trailer

134;2016-04-22 15:34:49.580467+00;2016-04-23 09:30:00+00;2016-04-23 12:00:00+00;PALLET;120;120;160;2160;MANIFESTED;28400;2;925;339;470;12;CUSTOM_PALLET;7187;5881;MAD;2016-04-23;11:02:06.973131+00;rigid_truck

135;2016-04-23 08:17:45.302153+00;2016-04-23 11:00:00+00;2016-04-23 12:30:00+00;PALLET;120;80;90;150;MANIFESTED;28840;2;403;587;867;32;EU_PALLET;8785;7187;MAD;2016-04-23;10:30:55.733471+00;van

136;2016-04-23 08:37:40.417363+00;2016-04-23 11:00:00+00;2016-04-23 11:00:00+00;PALLET;120;80;100;70;MANIFESTED;28918;1;967;536;760;39;EU_PALLET;8385;6861;MAD;2016-04-23;11:12:25.490454+00;box_van

137;2016-04-23 09:57:53.07845+00;2016-04-25 07:00:00+00;2016-04-25 07:30:00+00;PALLET;120;100;160;787;MANIFESTED;45950;1;814;138;163;40;US_PALLET;4392;3594;MAD;2016-04-25;05:57:38.379619+00;van

138;2016-04-23 09:59:09.53134+00;2016-04-24 08:00:00+00;2016-04-24 12:00:00+00;PALLET;120;100;180;6000;MANIFESTED;28906;6;1018;618;923;23;US_PALLET;11380;9311;MAD;2016-04-24;11:10:30.377982+00;rigid_truck

139;2016-04-23 10:04:11.993429+00;2016-04-24 07:00:00+00;2016-04-24 07:00:00+00;PALLET;120;80;100;221;MANIFESTED;45950;1;814;667;1010;49;EU_PALLET;4392;3594;MAD;2016-04-24;07:09:36.757838+00;rigid_truck

140;2016-04-23 10:33:02.228527+00;2016-04-24 08:00:00+00;2016-04-24 12:00:00+00;PALLET;120;80;140;2200;MANIFESTED;8340;4;406;304;429;19;EU_PALLET;7587;6207;BCN;2016-04-24;08:39:23.856341+00;rigid_truck

141;2016-04-23 11:12:04.330456+00;2016-04-24 07:00:00+00;2016-04-24 07:00:00+00;PALLET;120;80;160;1562;MANIFESTED;45950;3;814;658;956;40;EU_PALLET;8984;7351;MAD;2016-04-24;08:47:25.939768+00;rigid_truck

142;2016-04-23 12:23:57.139261+00;2016-04-24 16:00:00+00;2016-04-24 17:00:00+00;PALLET;120;120;140;1080;MANIFESTED;28400;2;925;665;789;7;CUSTOM_PALLET;7187;5881;MAD;2016-04-24;13:55:54.072306+00;box_van

143;2016-04-23 12:55:18.494696+00;2016-04-23 16:30:00+00;2016-04-23 16:45:00+00;PALLET;120;100;215;750;MANIFESTED;28814;8;1160;667;1010;35;US_PALLET;15373;12578;MAD;2016-04-23;15:45:50.555918+00;rigid_truck

144;2016-04-23 13:10:28.63289+00;2016-04-24 11:00:00+00;2016-04-24 13:00:00+00;PALLET;120;80;100;1000;MANIFESTED;28830;3;911;138;163;49;EU_PALLET;7187;5881;MAD;2016-04-24;10:59:12.138752+00;van

145;2016-04-23 14:13:27.413454+00;2016-04-23 17:00:00+00;2016-04-23 17:00:00+00;PALLET;120;80;160;200;MANIFESTED;19200;1;920;448;614;38;EU_PALLET;8385;6861;MAD;2016-04-23;16:43:47.536255+00;van

146;2016-04-23 14:43:00.625161+00;2016-04-24 10:00:00+00;2016-04-24 12:00:00+00;PALLET;120;170;100;318;MANIFESTED;28042;1;300;26;76;20;CUSTOM_PALLET;7187;5881;MAD;2016-04-24;10:10:27.217137+00;box_van

147;2016-04-23 14:50:44.461255+00;2016-04-24 11:00:00+00;2016-04-24 13:00:00+00;PALLET;120;80;160;865;MANIFESTED;28042;3;318;737;418;17;EU_PALLET;5191;4247;MAD;2016-04-24;13:13:34.345664+00;rigid_truck

148;2016-04-23 14:56:09.214088+00;2016-04-25 08:00:00+00;2016-04-25 12:00:00+00;PALLET;120;100;180;7650;MANIFESTED;28906;6;1018;618;923;65;US_PALLET;17969;14702;MAD;2016-04-25;10:26:39.381011+00;rigid_truck

149;2016-04-23 15:38:13.812396+00;2016-04-24 13:00:00+00;2016-04-24 14:00:00+00;PALLET;120;80;200;2414;MANIFESTED;28991;6;1015;126;205;53;EU_PALLET;12179;9964;MAD;2016-04-24;13:46:43.103194+00;rigid_truck

150;2016-04-23 15:41:28.280006+00;2016-04-24 12:00:00+00;2016-04-24 14:00:00+00;PALLET;120;80;200;18000;MANIFESTED;45224;30;1190;30;2;28;EU_PALLET;23559;19275;MAD;2016-04-24;12:56:07.678801+00;semi_trailer

151;2016-04-23 15:51:47.369502+00;2016-04-25 09:00:00+00;2016-04-25 12:00:00+00;PALLET;120;80;200;3500;MANIFESTED;25740;15;253;498;712;107;EU_PALLET;25755;21072;BCN;2016-04-25;11:58:51.10607+00;rigid_truck

152;2016-04-23 16:58:41.311286+00;2016-04-24 11:00:00+00;2016-04-24 12:00:00+00;PALLET;130;110;120;3200;MANIFESTED;8740;6;539;499;713;35;CUSTOM_PALLET;14974;12251;BCN;2016-04-24;11:19:08.233896+00;rigid_truck

153;2016-04-23 17:06:17.835454+00;2016-04-24 08:00:00+00;2016-04-24 09:30:00+00;PALLET;120;80;180;976;MANIFESTED;28821;3;536;658;955;82;EU_PALLET;10981;8984;MAD;2016-04-24;10:07:45.105604+00;rigid_truck

154;2016-04-24 07:36:25.714576+00;2016-04-24 10:00:00+00;2016-04-24 13:00:00+00;PALLET;120;100;120;196;MANIFESTED;8181;1;318;650;979;43;US_PALLET;9783;8004;BCN;2016-04-24;10:35:12.039568+00;box_van

155;2016-04-24 07:52:00.486408+00;2016-04-24 10:00:00+00;2016-04-24 10:00:00+00;PALLET;120;80;160;250;MANIFESTED;8820;2;628;487;697;39;EU_PALLET;10182;8331;BCN;2016-04-24;10:26:31.172995+00;van

156;2016-04-24 08:14:22.219336+00;2016-04-24 10:30:00+00;2016-04-24 11:30:00+00;PALLET;120;80;150;200;MANIFESTED;8130;1;628;487;697;33;EU_PALLET;9783;8004;BCN;2016-04-24;12:09:02.143863+00;van

157;2016-04-24 08:41:03.494074+00;2016-04-24 12:00:00+00;2016-04-24 13:00:00+00;PALLET;120;80;160;1200;MANIFESTED;45250;2;700;129;151;67;EU_PALLET;12778;10454;MAD;2016-04-24;11:27:13.49072+00;van

158;2016-04-24 09:07:35.911391+00;2016-04-25 11:00:00+00;2016-04-25 11:00:00+00;PALLET;120;80;140;1200;MANIFESTED;28840;33;403;668;998;37;EU_PALLET;25356;20745;MAD;2016-04-25;12:36:47.545416+00;semi_trailer

159;2016-04-24 09:11:54.109857+00;2016-04-24 12:00:00+00;2016-04-24 13:00:00+00;PALLET;120;80;120;22000;MANIFESTED;45250;33;4;663;998;40;EU_PALLET;32942;26953;MAD;2016-04-24;14:33:04.018296+00;semi_trailer

160;2016-04-24 09:22:02.799029+00;2016-04-24 12:00:00+00;2016-04-24 13:00:00+00;PALLET;120;100;120;800;MANIFESTED;28823;1;1056;126;205;19;US_PALLET;5790;4737;MAD;2016-04-24;11:43:10.164943+00;rigid_truck

161;2016-04-24 10:01:01.925215+00;2016-04-26 06:00:00+00;2016-04-26 10:00:00+00;PALLET;120;80;100;242;MANIFESTED;45950;1;814;433;596;62;EU_PALLET;6988;5717;MAD;2016-04-26;11:00:27.013242+00;box_van

162;2016-04-24 10:08:05.780562+00;2016-04-26 08:15:00+00;2016-04-26 08:15:00+00;PALLET;120;80;160;850;CANCELLED;45950;1;814;126;205;98;EU_PALLET;9384;7677;MAD;2016-04-24;16:22:25.479819+00;rigid_truck

163;2016-04-24 10:11:29.240762+00;2016-04-25 09:00:00+00;2016-04-25 11:00:00+00;PALLET;120;80;90;95;MANIFESTED;28820;1;700;129;151;9;EU_PALLET;2795;2287;MAD;2016-04-25;09:08:16.215164+00;van

164;2016-04-24 10:11:33.281502+00;2016-04-25 08:30:00+00;2016-04-25 08:45:00+00;PALLET;120;80;160;2880;MANIFESTED;28944;4;1193;578;861;37;EU_PALLET;8984;7351;MAD;2016-04-25;09:56:09.299066+00;tractor_unit

165;2016-04-24 10:16:50.193215+00;2016-04-25 08:00:00+00;2016-04-25 08:00:00+00;PALLET;120;80;160;6415;MANIFESTED;45950;13;814;571;826;98;EU_PALLET;20963;17152;MAD;2016-04-25;09:30:13.339032+00;box_van

166;2016-04-24 10:46:38.235106+00;2016-04-26 08:00:00.929+00;2016-04-26 08:30:00.929+00;PALLET;120;80;140;5400;MANIFESTED;8450;6;406;305;429;47;EU_PALLET;17170;14048;BCN;2016-04-26;08:32:45.801505+00;rigid_truck

167;2016-04-24 11:58:42.258645+00;2016-04-25 11:00:00+00;2016-04-25 14:00:00+00;PALLET;120;80;120;410;MANIFESTED;28923;1;885;126;205;80;EU_PALLET;9384;7677;MAD;2016-04-25;09:51:23.402793+00;rigid_truck

168;2016-04-24 11:58:53.336263+00;2016-04-24 15:00:00+00;2016-04-24 17:00:00+00;PALLET;120;80;100;140;MANIFESTED;28942;1;536;667;1010;34;EU_PALLET;8385;6861;MAD;2016-04-24;14:55:56.900179+00;rigid_truck

169;2016-04-24 12:23:42.736683+00;2016-04-25 16:00:00+00;2016-04-25 17:00:00+00;PALLET;120;80;140;12600;MANIFESTED;8450;14;406;305;429;32;EU_PALLET;19166;15682;BCN;2016-04-25;16:53:09.856028+00;rigid_truck

170;2016-04-24 13:14:57.895281+00;2016-04-25 09:00:00+00;2016-04-25 09:00:00+00;PALLET;120;80;160;970;MANIFESTED;45950;1;814;665;789;49;EU_PALLET;4392;3594;MAD;2016-04-25;08:53:07.85499+00;box_van

171;2016-04-24 13:56:02.552067+00;2016-04-25 07:00:00+00;2016-04-25 10:00:00+00;PALLET;120;80;160;3326;MANIFESTED;28906;5;902;279;1037;45;EU_PALLET;8984;7351;MAD;2016-04-25;08:13:41.322751+00;rigid_truck

172;2016-04-24 14:22:26.994508+00;2016-04-25 09:00:00+00;2016-04-25 10:00:00+00;PALLET;120;80;180;400;MANIFESTED;28500;1;879;138;163;39;EU_PALLET;4392;3594;MAD;2016-04-25;07:47:50.607218+00;van

173;2016-04-24 14:35:32.756341+00;2016-04-25 09:00:00+00;2016-04-25 12:00:00+00;PALLET;120;80;180;2100;MANIFESTED;28906;8;1097;364;507;53;EU_PALLET;13377;10944;MAD;2016-04-25;09:57:15.293246+00;rigid_truck

174;2016-04-24 14:49:18.849732+00;2016-04-24 16:00:00+00;2016-04-24 17:00:00+00;PALLET;120;80;200;2344;MANIFESTED;28970;7;700;126;205;38;EU_PALLET;14175;11598;MAD;2016-04-24;16:36:48.681973+00;rigid_truck

175;2016-04-24 15:09:11.553699+00;2016-04-26 12:00:00+00;2016-04-26 13:00:00+00;PALLET;120;80;160;8130;MANIFESTED;28906;12;902;618;923;85;EU_PALLET;23159;18949;MAD;2016-04-26;13:00:21.695393+00;rigid_truck

176;2016-04-24 15:17:59.483983+00;2016-04-24 18:00:00+00;2016-04-24 18:00:00+00;PALLET;120;80;100;215;MANIFESTED;8820;1;628;487;697;18;EU_PALLET;6588;5391;BCN;2016-04-24;16:39:33.59044+00;van

177;2016-04-24 15:55:05.841032+00;2016-04-25 12:00:00.034+00;2016-04-25 14:00:00.034+00;PALLET;120;80;200;18000;MANIFESTED;45224;30;1190;30;2;28;EU_PALLET;23559;19275;MAD;2016-04-25;13:25:20.075962+00;semi_trailer

178;2016-04-24 15:58:44.614951+00;2016-04-25 11:00:00.341+00;2016-04-25 12:30:00.341+00;PALLET;120;80;200;18000;MANIFESTED;45224;30;1190;648;977;28;EU_PALLET;23559;19275;MAD;2016-04-25;11:58:25.679939+00;tractor_unit

179;2016-04-24 16:09:16.45947+00;2016-04-25 09:00:00+00;2016-04-25 12:00:00+00;PALLET;120;80;160;400;CANCELLED;28806;4;1210;18;27;48;EU_PALLET;8186;6697;MAD;2016-04-24;16:10:49.706358+00;box_van

180;2016-04-24 16:57:01.941704+00;2016-04-26 09:00:00+00;2016-04-26 10:30:00+00;PALLET;120;100;140;9000;MANIFESTED;45600;9;522;613;860;140;US_PALLET;29948;24503;MAD;2016-04-26;10:05:14.802504+00;semi_trailer

181;2016-04-24 16:57:30.213507+00;2016-04-26 10:00:00+00;2016-04-26 14:00:00+00;PALLET;120;100;140;2000;MANIFESTED;28031;3;522;126;205;140;US_PALLET;17569;14375;MAD;2016-04-26;10:16:20.545811+00;rigid_truck

182;2016-04-24 17:18:59.462134+00;2016-04-26 11:00:00+00;2016-04-26 13:00:00+00;PALLET;120;100;210;960;MANIFESTED;28108;9;300;614;856;38;US_PALLET;11779;9638;MAD;2016-04-26;12:00:13.627728+00;rigid_truck

183;2016-04-24 17:27:22.483611+00;2016-04-25 11:00:00+00;2016-04-25 13:00:00+00;PALLET;120;80;100;125;MANIFESTED;28821;1;6;18;27;13;EU_PALLET;2795;2287;MAD;2016-04-25;10:54:33.438433+00;box_van

184;2016-04-25 07:00:13.405798+00;2016-04-26 09:00:00+00;2016-04-26 11:00:00+00;PALLET;120;80;140;1200;MANIFESTED;28500;8;1037;123;144;30;EU_PALLET;10981;8984;MAD;2016-04-26;08:40:31.60611+00;rigid_truck

185;2016-04-25 07:10:11.531738+00;2016-04-25 09:00:00+00;2016-04-25 10:00:00+00;PALLET;120;80;180;2116;MANIFESTED;28821;8;536;425;997;70;EU_PALLET;15373;12578;MAD;2016-04-25;10:54:16.832688+00;semi_trailer

186;2016-04-25 07:14:00.31829+00;2016-04-26 11:00:00+00;2016-04-26 13:00:00+00;PALLET;120;80;90;304;MANIFESTED;45240;1;1124;138;163;43;EU_PALLET;4392;3594;MAD;2016-04-26;11:30:26.279743+00;van

187;2016-04-25 08:17:20.636815+00;2016-04-25 11:00:00+00;2016-04-25 12:00:00+00;PALLET;120;100;210;250;MANIFESTED;28914;2;487;665;789;42;US_PALLET;11779;9638;MAD;2016-04-25;11:29:38.466762+00;box_van

188;2016-04-25 08:19:39.229648+00;2016-04-25 11:00:00+00;2016-04-25 11:00:00+00;PALLET;120;80;140;150;MANIFESTED;28014;1;487;123;144;48;EU_PALLET;8385;6861;MAD;2016-04-25;11:54:49.081206+00;rigid_truck

189;2016-04-25 08:35:56.979631+00;2016-04-25 15:00:00+00;2016-04-25 15:30:00+00;PALLET;120;100;240;6600;MANIFESTED;8040;12;628;499;713;7;US_PALLET;15972;13068;BCN;2016-04-25;17:30:33.83534+00;rigid_truck

190;2016-04-25 08:43:23.498335+00;2016-04-26 07:00:00+00;2016-04-26 10:30:00+00;PALLET;120;80;100;169;MANIFESTED;45950;1;814;433;596;40;EU_PALLET;4392;3594;MAD;2016-04-26;09:11:37.746674+00;box_van

191;2016-04-25 08:50:48.395449+00;2016-04-26 10:00:00+00;2016-04-26 12:00:00+00;PALLET;120;80;180;210;MANIFESTED;28026;2;561;138;163;45;EU_PALLET;5790;4737;MAD;2016-04-26;10:09:50.694677+00;van

192;2016-04-25 09:09:18.00759+00;2016-05-01 07:00:00+00;2016-05-01 07:00:00+00;PALLET;120;80;140;485;MANIFESTED;45950;1;814;20;31;49;EU_PALLET;4392;3594;MAD;2016-05-01;08:18:36.154328+00;rigid_truck

193;2016-04-25 09:29:50.019093+00;2016-04-27 09:30:00+00;2016-04-27 09:30:00+00;PALLET;120;80;160;2545;MANIFESTED;45950;3;814;365;512;98;EU_PALLET;13177;10781;MAD;2016-04-27;10:12:02.913769+00;rigid_truck

194;2016-04-25 09:35:37.584687+00;2016-04-26 11:00:00+00;2016-04-26 11:00:00+00;PALLET;120;80;140;430;MANIFESTED;45950;3;814;384;547;40;EU_PALLET;7187;5881;MAD;2016-04-26;10:28:54.069308+00;box_van

195;2016-04-25 10:01:35.203473+00;2016-04-26 11:00:00+00;2016-04-26 12:00:00+00;PALLET;120;100;140;6000;MANIFESTED;28906;6;1018;97;122;80;US_PALLET;20963;17152;MAD;2016-04-26;10:34:47.573802+00;rigid_truck

196;2016-04-25 10:10:17.294401+00;2016-04-26 09:00:00+00;2016-04-26 10:00:00+00;PALLET;120;80;160;600;MANIFESTED;28820;2;700;759;863;9;EU_PALLET;3993;3267;MAD;2016-04-26;11:40:04.732214+00;box_van

197;2016-04-25 10:51:47.748023+00;2016-04-25 12:00:00+00;2016-04-25 13:00:00+00;PALLET;120;80;240;2147;MANIFESTED;28821;9;536;663;999;22;EU_PALLET;9783;8004;MAD;2016-04-25;13:14:02.026989+00;semi_trailer

198;2016-04-25 11:00:44.437702+00;2016-04-25 12:00:00+00;2016-04-25 13:30:00+00;PALLET;120;80;180;400;MANIFESTED;28821;4;12;138;163;3;EU_PALLET;7187;5881;MAD;2016-04-25;12:20:28.470924+00;van

199;2016-04-25 11:14:39.421836+00;2016-04-25 13:00:00+00;2016-04-25 16:00:00+00;PALLET;120;80;200;2200;MANIFESTED;28806;3;916;667;1010;32;EU_PALLET;11779;9638;MAD;2016-04-25;13:06:40.437341+00;rigid_truck

200;2016-04-25 11:18:14.054232+00;2016-04-26 10:00:00+00;2016-04-26 12:00:00+00;PALLET;120;80;100;8;MANIFESTED;28031;1;167;129;151;13;EU_PALLET;2795;2287;MAD;2016-04-26;09:18:09.885326+00;van

201;2016-04-25 11:29:29.755725+00;2016-04-25 15:00:00+00;2016-04-25 17:00:00+00;PALLET;120;80;200;18000;MANIFESTED;45224;30;1190;648;1000;28;EU_PALLET;30546;24993;MAD;2016-04-25;16:36:58.350534+00;semi_trailer

202;2016-04-25 11:34:22.229209+00;2016-04-26 10:00:00+00;2016-04-26 11:30:00+00;PALLET;120;100;120;20511;MANIFESTED;8730;26;1037;717;1089;47;US_PALLET;28350;23196;BCN;2016-04-26;11:47:25.994465+00;semi_trailer

203;2016-04-25 11:34:29.042218+00;2016-04-25 16:00:00+00;2016-04-25 18:30:00+00;PALLET;120;80;2;18000;MANIFESTED;45224;30;1190;30;2;28;EU_PALLET;30546;24993;MAD;2016-04-25;17:48:13.12642+00;semi_trailer

204;2016-04-25 11:37:49.480654+00;2016-04-26 14:30:00+00;2016-04-26 16:00:00+00;PALLET;120;100;120;19900;MANIFESTED;8730;26;1037;222;294;47;US_PALLET;28350;23196;BCN;2016-04-26;17:09:59.931347+00;semi_trailer

205;2016-04-25 11:42:09.199912+00;2016-04-25 14:00:00+00;2016-04-25 15:00:00+00;PALLET;120;80;90;150;MANIFESTED;28802;1;235;129;151;50;EU_PALLET;8385;6861;MAD;2016-04-25;14:50:00.794707+00;van

206;2016-04-25 11:49:17.318863+00;2016-04-26 09:00:00+00;2016-04-26 11:00:00+00;PALLET;120;80;90;30;MANIFESTED;28036;1;6;272;348;14;EU_PALLET;2795;2287;MAD;2016-04-26;08:50:56.779445+00;van

207;2016-04-25 11:51:03.52273+00;2016-04-26 08:00:00+00;2016-04-26 13:00:00+00;PALLET;120;80;90;44;MANIFESTED;45250;1;1046;422;585;90;EU_PALLET;9384;7677;MAD;2016-04-26;08:47:46.120134+00;van

208;2016-04-25 12:11:46.355926+00;2016-04-26 08:00:00+00;2016-04-26 09:00:00+00;PALLET;120;120;160;1080;MANIFESTED;28400;1;925;667;1010;10;CUSTOM_PALLET;7187;5881;MAD;2016-04-26;08:39:43.184216+00;rigid_truck

209;2016-04-25 12:21:50.069372+00;2016-04-26 09:00:00+00;2016-04-26 12:00:00+00;PALLET;120;80;140;125;CANCELLED;28850;1;537;587;867;59;EU_PALLET;6988;5717;MAD;2016-04-25;12:44:11.316316+00;van

210;2016-04-25 12:30:24.55365+00;2016-04-26 12:00:00+00;2016-04-26 14:00:00+00;PALLET;120;80;160;850;CANCELLED;28850;8;537;265;339;48;EU_PALLET;10981;8984;MAD;2016-04-25;12:45:46.881775+00;van

211;2016-04-25 13:06:32.215491+00;2016-04-26 11:00:00.383+00;2016-04-26 12:30:00.383+00;PALLET;120;80;200;18000;MANIFESTED;45224;30;1190;30;2;28;EU_PALLET;23559;19275;MAD;2016-04-26;12:46:11.428913+00;semi_trailer

212;2016-04-25 13:11:08.835965+00;2016-04-25 15:00:00+00;2016-04-25 17:00:00+00;PALLET;120;80;120;500;MANIFESTED;28830;1;911;265;339;49;EU_PALLET;8385;6861;MAD;2016-04-25;14:43:10.560413+00;van

213;2016-04-25 13:22:20.925618+00;2016-04-26 15:25:00+00;2016-04-26 17:00:00+00;PALLET;100;110;140;1080;MANIFESTED;28400;2;925;126;205;10;CUSTOM_PALLET;5191;4247;MAD;2016-04-26;14:01:14.673999+00;rigid_truck

214;2016-04-25 13:29:41.327307+00;2016-04-26 12:00:00+00;2016-04-26 14:00:00+00;PALLET;120;80;160;850;MANIFESTED;28850;8;1206;33;51;48;EU_PALLET;10981;8984;MAD;2016-04-26;10:12:54.81109+00;box_van

215;2016-04-25 13:31:58.609181+00;2016-04-26 09:00:00+00;2016-04-26 12:00:00+00;PALLET;120;80;140;125;MANIFESTED;28850;1;1206;87;100;59;EU_PALLET;6988;5717;MAD;2016-04-26;11:34:53.948921+00;van

216;2016-04-25 13:33:50.848087+00;2016-04-30 09:00:00+00;2016-04-30 13:00:00+00;PALLET;120;80;90;135;MANIFESTED;28850;1;1206;587;867;37;EU_PALLET;4392;3594;MAD;2016-04-30;09:34:15.604368+00;van

217;2016-04-25 13:50:32.221672+00;2016-04-26 16:00:00+00;2016-04-26 18:00:00+00;PALLET;100;110;160;1080;MANIFESTED;28400;1;925;126;430;35;CUSTOM_PALLET;7187;5881;MAD;2016-04-26;16:19:35.567145+00;box_van

218;2016-04-25 14:39:49.567784+00;2016-04-26 14:00:00+00;2016-04-26 15:50:00+00;PALLET;120;100;180;7400;MANIFESTED;28906;6;1018;648;998;102;US_PALLET;24158;19765;MAD;2016-04-26;15:43:07.384163+00;semi_trailer

219;2016-04-25 15:12:33.435074+00;2016-04-25 16:30:00+00;2016-04-25 17:30:00+00;PALLET;120;100;100;495;MANIFESTED;28821;6;536;748;1126;15;US_PALLET;9783;8004;MAD;2016-04-25;16:50:32.196414+00;rigid_truck

220;2016-04-25 15:40:05.027676+00;2016-04-26 11:00:00+00;2016-04-26 13:00:00+00;PALLET;120;80;160;562;MANIFESTED;8820;1;628;650;979;24;EU_PALLET;3594;2940;BCN;2016-04-26;11:02:11.234573+00;box_van

221;2016-04-25 15:45:11.965687+00;2016-04-26 09:00:00+00;2016-04-26 10:00:00+00;PALLET;120;80;160;1000;MANIFESTED;19290;7;632;278;394;37;EU_PALLET;10981;8984;MAD;2016-04-26;10:34:40.246139+00;rigid_truck

222;2016-04-25 16:03:44.961945+00;2016-04-26 10:00:00+00;2016-04-26 11:00:00+00;PALLET;120;80;90;137;MANIFESTED;28814;1;632;587;867;62;EU_PALLET;6988;5717;MAD;2016-04-26;10:05:46.968107+00;van

223;2016-04-25 16:04:45.413115+00;2016-04-26 08:00:00+00;2016-04-26 16:00:00+00;PALLET;120;80;180;1200;MANIFESTED;28022;15;1015;68;99;38;EU_PALLET;14974;12251;MAD;2016-04-26;14:56:25.970622+00;rigid_truck

224;2016-04-25 16:15:10.297939+00;2016-04-26 08:00:00+00;2016-04-26 10:00:00+00;PALLET;120;80;140;1200;MANIFESTED;28823;2;1056;123;144;19;EU_PALLET;6588;5391;MAD;2016-04-26;09:27:51.259953+00;rigid_truck

225;2016-04-25 16:46:20.813111+00;2016-04-26 10:00:00+00;2016-04-26 11:00:00+00;PALLET;120;80;90;10;MANIFESTED;28821;1;6;17;27;14;EU_PALLET;2795;2287;MAD;2016-04-26;09:32:30.655855+00;box_van

226;2016-04-25 16:48:26.391362+00;2016-04-26 12:00:00+00;2016-04-26 13:00:00+00;PALLET;120;80;180;12000;MANIFESTED;28935;16;1225;271;347;15;EU_PALLET;12778;10454;MAD;2016-04-26;12:46:32.529043+00;rigid_truck

227;2016-04-25 16:56:08.435645+00;2016-04-27 09:30:00+00;2016-04-27 11:00:00+00;PALLET;120;80;160;1000;CANCELLED;28108;3;1177;693;1054;19;EU_PALLET;5191;4247;MAD;2016-04-26;12:57:15.121597+00;van

228;2016-04-25 18:52:29.766138+00;2016-04-26 14:00:00+00;2016-04-26 15:00:00+00;PALLET;120;80;100;3000;MANIFESTED;28923;20;1041;708;1072;8;EU_PALLET;17370;14211;MAD;2016-04-26;15:17:48.746428+00;rigid_truck

229;2016-04-26 07:48:06.094272+00;2016-04-26 10:00:00+00;2016-04-26 13:00:00+00;PALLET;120;80;120;100;MANIFESTED;28343;1;188;265;339;35;EU_PALLET;8385;6861;MAD;2016-04-26;09:58:38.993881+00;van

230;2016-04-26 08:16:51.37382+00;2016-04-26 11:00:00+00;2016-04-26 12:00:00+00;PALLET;120;80;230;350;CANCELLED;28906;1;902;681;1032;9;EU_PALLET;8186;6697;MAD;2016-04-26;08:51:21.471198+00;rigid_truck

231;2016-04-26 08:43:18.968112+00;2016-04-27 08:00:00+00;2016-04-27 13:00:00+00;PALLET;120;80;180;1600;CANCELLED;28971;4;1227;126;205;34;EU_PALLET;8984;7351;MAD;2016-04-26;08:58:57.916078+00;rigid_truck

232;2016-04-26 08:59:49.904216+00;2016-04-27 11:00:00+00;2016-04-27 12:00:00+00;PALLET;120;80;100;49;MANIFESTED;28042;1;318;138;163;8;EU_PALLET;2795;2287;MAD;2016-04-27;10:17:28.87232+00;van

233;2016-04-26 09:08:37.781174+00;2016-04-26 15:00:00+00;2016-04-26 15:00:00+00;PALLET;120;80;140;3000;MANIFESTED;5001;10;967;635;966;107;EU_PALLET;20764;16988;MAD;2016-04-26;13:57:26.588509+00;rigid_truck

234;2016-04-26 09:12:25.530919+00;2016-04-26 12:00:00+00;2016-04-26 12:00:00+00;PALLET;120;100;180;1400;MANIFESTED;28821;2;536;272;347;25;US_PALLET;8186;6697;MAD;2016-04-26;11:49:06.818135+00;rigid_truck

235;2016-04-26 09:18:15.199745+00;2016-04-30 08:00:00+00;2016-04-30 12:00:00+00;PALLET;120;100;180;10600;MANIFESTED;28906;9;1018;648;1058;44;US_PALLET;16571;13558;MAD;2016-04-30;10:35:15.898466+00;semi_trailer

236;2016-04-26 09:46:14.155337+00;2016-04-26 15:00:00+00;2016-04-26 17:00:00+00;PALLET;120;80;120;555;MANIFESTED;45007;1;632;265;339;108;EU_PALLET;11380;9311;MAD;2016-04-26;12:49:50.928786+00;van

237;2016-04-26 09:58:37.552366+00;2016-04-27 09:00:00+00;2016-04-27 09:00:00+00;PALLET;120;80;160;1940;MANIFESTED;45950;2;814;20;31;49;EU_PALLET;8984;7351;MAD;2016-04-27;09:30:16.791555+00;rigid_truck

238;2016-04-26 10:10:57.765355+00;2016-04-26 13:00:00+00;2016-04-26 16:00:00+00;PALLET;120;80;160;500;MANIFESTED;8820;1;628;743;1122;17;EU_PALLET;6588;5391;BCN;2016-04-26;12:20:52.229543+00;box_van

239;2016-04-26 10:19:06.582343+00;2016-04-26 14:00:00+00;2016-04-26 15:30:00+00;PALLET;120;80;200;18000;MANIFESTED;45224;30;1190;663;996;28;EU_PALLET;30546;24993;MAD;2016-04-26;15:21:32.714347+00;tractor_unit

240;2016-04-26 10:30:54.816454+00;2016-04-27 09:00:00+00;2016-04-27 11:00:00+00;PALLET;120;80;180;850;MANIFESTED;28850;8;1206;126;205;19;EU_PALLET;7986;6534;MAD;2016-04-27;09:10:23.996858+00;rigid_truck

241;2016-04-26 10:31:05.8707+00;2016-04-30 08:00:00+00;2016-04-30 10:00:00+00;PALLET;120;80;240;1028;MANIFESTED;8640;9;612;627;953;37;EU_PALLET;12977;10618;BCN;2016-04-30;09:45:26.269096+00;rigid_truck

242;2016-04-26 11:25:02.160183+00;2016-04-27 09:00:00+00;2016-04-27 11:00:00+00;PALLET;120;80;90;39;MANIFESTED;28820;1;700;129;151;9;EU_PALLET;2795;2287;MAD;2016-04-27;10:47:37.260205+00;van

243;2016-04-26 11:30:33.349125+00;2016-04-26 16:00:00+00;2016-04-26 19:00:00+00;PALLET;120;80;180;620;CANCELLED;28821;1;536;138;163;38;EU_PALLET;8385;6861;MAD;2016-04-26;16:00:08.11508+00;van

244;2016-04-26 11:33:23.026832+00;2016-04-27 11:30:00+00;2016-04-27 11:30:00+00;PALLET;120;80;270;1800;MANIFESTED;28840;33;403;171;237;37;EU_PALLET;25356;20745;MAD;2016-04-27;09:32:49.386079+00;semi_trailer

245;2016-04-26 11:41:05.995605+00;2016-04-26 15:00:00+00;2016-04-26 16:00:00+00;PALLET;120;80;220;600;MANIFESTED;28108;2;300;667;1010;38;EU_PALLET;11779;9638;MAD;2016-04-26;14:45:03.202285+00;rigid_truck

246;2016-04-26 11:58:54.641295+00;2016-04-27 08:00:00+00;2016-04-27 09:00:00+00;PALLET;120;80;100;200;MANIFESTED;28343;1;4;448;614;27;EU_PALLET;4392;3594;MAD;2016-04-27;08:00:38.749975+00;van

247;2016-04-26 12:10:47.541563+00;2016-04-26 15:00:00+00;2016-04-26 16:00:00+00;PALLET;120;120;100;1080;MANIFESTED;28400;2;925;126;205;10;CUSTOM_PALLET;8984;7351;MAD;2016-04-26;13:30:33.030728+00;rigid_truck

248;2016-04-26 12:15:36.980837+00;2016-04-26 16:00:00+00;2016-04-26 16:00:00+00;PALLET;120;80;180;400;MANIFESTED;28823;3;632;138;163;22;EU_PALLET;6389;5227;MAD;2016-04-26;15:29:21.514263+00;van

249;2016-04-26 12:21:40.644154+00;2016-04-27 09:30:00.753+00;2016-04-27 11:00:00.753+00;PALLET;120;80;200;18000;MANIFESTED;45224;30;1190;740;1121;28;EU_PALLET;23559;19275;MAD;2016-04-27;10:19:56.644862+00;semi_trailer

250;2016-04-26 12:44:54.926597+00;2016-04-27 10:00:00+00;2016-04-27 12:00:00+00;PALLET;120;80;120;5000;MANIFESTED;45250;10;4;30;2;28;EU_PALLET;14974;12251;MAD;2016-04-27;10:44:04.540234+00;semi_trailer

251;2016-04-26 13:04:36.00934+00;2016-04-26 17:00:00+00;2016-04-26 18:00:00+00;PALLET;120;80;90;20;MANIFESTED;28019;1;967;497;711;0;EU_PALLET;5790;4737;MAD;2016-04-26;16:53:07.939079+00;van

252;2016-04-26 13:25:50.365201+00;2016-04-26 15:00:00+00;2016-04-26 21:00:00+00;PALLET;120;80;170;500;MANIFESTED;28918;2;967;65;79;18;EU_PALLET;5990;4901;MAD;2016-04-26;18:18:53.696887+00;box_van

253;2016-04-26 14:22:40.419283+00;2016-04-26 17:00:00+00;2016-04-26 18:00:00+00;PALLET;120;80;90;1700;MANIFESTED;45183;4;536;87;31;73;EU_PALLET;12778;10454;MAD;2016-04-26;17:07:59.48288+00;rigid_truck

254;2016-04-26 14:45:42.156451+00;2016-04-27 09:00:00+00;2016-04-27 11:00:00+00;PALLET;120;80;90;120;MANIFESTED;28840;1;403;87;100;38;EU_PALLET;4392;3594;MAD;2016-04-27;09:16:24.198825+00;van

255;2016-04-26 15:55:05.21982+00;2016-04-27 08:00:00+00;2016-04-27 10:00:00+00;PALLET;120;80;90;114;MANIFESTED;45600;1;536;587;867;148;EU_PALLET;12578;10291;MAD;2016-04-27;10:03:22.143086+00;van

256;2016-04-26 16:09:42.775777+00;2016-04-27 07:00:00+00;2016-04-27 09:00:00+00;PALLET;120;80;120;300;MANIFESTED;8397;1;253;487;697;70;EU_PALLET;7587;6207;BCN;2016-04-27;08:30:46.133818+00;van

257;2016-04-26 16:37:21.921161+00;2016-04-27 09:30:00+00;2016-04-27 11:00:00+00;PALLET;120;80;200;18000;MANIFESTED;45224;30;1190;648;1135;28;EU_PALLET;23559;19275;MAD;2016-04-27;12:12:31.336877+00;semi_trailer

258;2016-04-26 16:52:01.536237+00;2016-04-27 13:00:00+00;2016-04-27 14:00:00+00;PALLET;120;80;90;30;MANIFESTED;28821;1;6;138;163;25;EU_PALLET;2795;2287;MAD;2016-04-27;12:33:25.465634+00;van

259;2016-04-26 16:55:10.780237+00;2016-04-27 09:00:00+00;2016-04-27 12:00:00+00;PALLET;120;80;140;50;MANIFESTED;28970;1;328;138;163;25;EU_PALLET;2795;2287;MAD;2016-04-27;09:17:37.538487+00;van

260;2016-04-26 17:03:54.979435+00;2016-04-27 09:00:00+00;2016-04-27 11:00:00+00;PALLET;120;80;140;1000;MANIFESTED;8820;13;628;501;715;53;EU_PALLET;19765;16172;BCN;2016-04-27;09:57:17.937722+00;rigid_truck

261;2016-04-26 17:13:38.854979+00;2016-04-27 14:00:00+00;2016-04-27 15:00:00+00;PALLET;120;80;100;3000;MANIFESTED;28923;22;1041;575;1191;8;EU_PALLET;15373;12578;MAD;2016-04-27;15:19:40.288798+00;rigid_truck

262;2016-04-26 17:20:39.604339+00;2016-04-27 13:00:00+00;2016-04-27 17:00:00+00;PALLET;120;80;220;1200;MANIFESTED;28925;2;300;123;144;32;EU_PALLET;8984;7351;MAD;2016-04-27;12:15:00.897373+00;rigid_truck

263;2016-04-26 17:45:56.217797+00;2016-04-27 10:30:00.389+00;2016-04-27 12:00:00.389+00;PALLET;120;80;200;18000;MANIFESTED;45224;30;1190;576;865;28;EU_PALLET;23559;19275;MAD;2016-04-27;12:05:59.217792+00;semi_trailer

264;2016-04-26 17:53:25.206833+00;2016-04-27 15:30:00.966+00;2016-04-27 17:00:00.966+00;PALLET;120;80;200;18000;MANIFESTED;45224;30;1190;576;865;28;EU_PALLET;23559;19275;MAD;2016-04-27;17:16:59.93095+00;semi_trailer

265;2016-04-26 18:08:26.505673+00;2016-04-27 11:00:00+00;2016-04-27 11:00:00+00;PALLET;120;80;140;1300;MANIFESTED;28906;2;967;536;760;29;EU_PALLET;11779;9638;MAD;2016-04-27;14:26:50.572446+00;box_van

266;2016-04-26 18:18:03.392367+00;2016-04-27 09:00:00+00;2016-04-27 12:00:00+00;PALLET;110;110;160;2160;MANIFESTED;28400;2;925;126;205;9;CUSTOM_PALLET;8984;7351;MAD;2016-04-27;11:51:54.790059+00;rigid_truck

267;2016-04-26 18:21:46.418858+00;2016-04-27 15:00:00+00;2016-04-27 16:00:00+00;PALLET;110;110;160;1080;MANIFESTED;28400;1;925;126;205;10;CUSTOM_PALLET;8984;7351;MAD;2016-04-27;13:31:59.498072+00;rigid_truck

268;2016-04-26 18:25:13.730609+00;2016-04-27 18:00:00+00;2016-04-27 19:00:00+00;PALLET;110;110;160;2160;MANIFESTED;28400;2;925;126;205;0;CUSTOM_PALLET;8984;7351;MAD;2016-04-27;12:55:44.619517+00;rigid_truck

269;2016-04-27 08:16:45.119487+00;2016-04-27 11:00:00+00;2016-04-27 11:00:00+00;PALLET;120;80;100;2500;MANIFESTED;45250;7;4;30;13;52;EU_PALLET;15373;12578;MAD;2016-04-27;11:32:13.211989+00;rigid_truck

270;2016-04-27 08:17:55.477787+00;2016-04-27 11:00:00+00;2016-04-27 11:00:00+00;PALLET;120;80;120;10000;MANIFESTED;45250;17;4;662;998;40;EU_PALLET;21762;17805;MAD;2016-04-27;13:08:56.899306+00;semi_trailer

271;2016-04-27 08:43:08.417816+00;2016-04-27 11:00:00+00;2016-04-27 12:00:00+00;PALLET;120;80;140;2423;MANIFESTED;28821;4;624;97;122;22;EU_PALLET;8186;6697;MAD;2016-04-27;10:57:19.791462+00;rigid_truck

272;2016-04-27 08:59:54.234481+00;2016-04-27 14:00:00+00;2016-04-27 15:00:00+00;PALLET;120;80;180;600;MANIFESTED;8800;1;906;487;697;73;EU_PALLET;10581;8658;BCN;2016-04-27;12:26:23.434463+00;van

273;2016-04-27 09:32:03.599756+00;2016-05-01 08:15:00+00;2016-05-01 08:15:00+00;PALLET;120;80;160;848;MANIFESTED;45950;1;814;126;205;98;EU_PALLET;9384;7677;MAD;2016-05-01;10:37:43.553766+00;rigid_truck

274;2016-04-27 09:36:42.874001+00;2016-05-01 11:00:00+00;2016-05-01 11:00:00+00;PALLET;120;80;160;1287;MANIFESTED;45950;4;814;20;31;40;EU_PALLET;8984;7351;MAD;2016-05-01;08:17:50.525082+00;rigid_truck

275;2016-04-27 09:50:09.035905+00;2016-04-30 09:00:00+00;2016-04-30 09:00:00+00;PALLET;120;80;160;1940;MANIFESTED;45950;2;814;795;1008;49;EU_PALLET;8984;7351;MAD;2016-04-30;09:31:30.577064+00;rigid_truck

276;2016-04-27 10:35:06.333217+00;2016-04-30 07:00:00+00;2016-04-30 08:00:00+00;PALLET;120;80;120;22500;MANIFESTED;45250;33;4;578;862;47;EU_PALLET;25356;20745;MAD;2016-04-30;10:00:30.927464+00;semi_trailer

277;2016-04-27 10:35:38.180795+00;2016-04-30 15:00:00+00;2016-04-30 17:30:00+00;PALLET;120;80;180;3200;MANIFESTED;45222;6;632;571;826;78;EU_PALLET;14574;11925;MAD;2016-04-30;13:06:10.37151+00;box_van

278;2016-04-27 11:10:29.080681+00;2016-04-27 15:00:00+00;2016-04-27 17:00:00+00;PALLET;120;80;140;400;MANIFESTED;28343;4;188;138;163;35;EU_PALLET;10581;8658;MAD;2016-04-27;13:58:07.441448+00;van

279;2016-04-27 11:12:58.462094+00;2016-04-27 13:00:00+00;2016-04-27 13:00:00+00;PALLET;120;80;90;20;MANIFESTED;8820;1;628;359;501;18;EU_PALLET;6588;5391;BCN;2016-04-27;12:23:16.105675+00;rigid_truck

280;2016-04-27 11:13:52.780171+00;2016-04-30 08:30:00+00;2016-04-30 12:30:00+00;PALLET;110;110;160;1080;MANIFESTED;28400;1;925;126;205;14;CUSTOM_PALLET;7187;5881;MAD;2016-04-30;09:11:49.639903+00;rigid_truck

281;2016-04-27 11:28:50.217998+00;2016-04-30 08:00:00+00;2016-04-30 12:00:00+00;PALLET;120;80;140;2874;MANIFESTED;28923;10;924;708;1072;70;EU_PALLET;14574;11925;MAD;2016-04-30;10:58:46.824122+00;rigid_truck

282;2016-04-27 11:44:16.038909+00;2016-04-27 14:30:00+00;2016-04-27 16:00:00+00;PALLET;120;80;120;500;MANIFESTED;19180;2;700;129;151;53;EU_PALLET;9583;7841;MAD;2016-04-27;15:09:51.641439+00;van

283;2016-04-27 11:56:05.940283+00;2016-04-30 09:00:00+00;2016-04-30 10:00:00+00;PALLET;120;80;230;800;MANIFESTED;28823;2;1056;278;394;40;EU_PALLET;8984;7351;MAD;2016-04-30;10:12:45.5842+00;rigid_truck

284;2016-04-27 12:04:24.277099+00;2016-04-27 15:15:00+00;2016-04-27 17:00:00+00;PALLET;120;80;90;15;MANIFESTED;28918;1;166;448;614;39;EU_PALLET;8385;6861;MAD;2016-04-27;15:56:21.386216+00;van

285;2016-04-27 12:14:42.628461+00;2016-04-30 08:00:00+00;2016-04-30 09:00:00+00;PALLET;120;80;90;15;MANIFESTED;28021;1;165;138;163;18;EU_PALLET;2795;2287;MAD;2016-04-30;08:10:47.419789+00;van

286;2016-04-27 12:44:06.988769+00;2016-04-30 09:00:00+00;2016-04-30 12:00:00+00;PALLET;120;80;160;2000;MANIFESTED;8380;2;1237;498;712;115;EU_PALLET;16771;13721;BCN;2016-04-30;10:31:33.671437+00;rigid_truck

287;2016-04-27 15:20:32.298228+00;2016-04-30 12:00:00+00;2016-04-30 17:00:00+00;PALLET;120;80;160;273;MANIFESTED;28041;1;1238;126;430;25;EU_PALLET;2795;2287;MAD;2016-04-30;13:16:07.076058+00;box_van

288;2016-04-27 15:36:13.443627+00;2016-04-30 08:30:00+00;2016-04-30 10:00:00+00;PALLET;110;110;160;1080;MANIFESTED;28400;1;925;265;339;5;CUSTOM_PALLET;7187;5881;MAD;2016-04-30;10:02:41.688795+00;van

289;2016-04-27 16:25:39.967793+00;2016-04-30 14:00:00+00;2016-04-30 16:00:00+00;PALLET;120;80;200;800;MANIFESTED;43814;10;1017;627;953;84;EU_PALLET;19965;16335;BCN;2016-04-30;15:46:34.467475+00;rigid_truck

290;2016-04-27 16:43:50.080578+00;2016-04-30 08:00:00+00;2016-04-30 10:00:00+00;PALLET;120;100;120;560;MANIFESTED;28821;3;536;294;418;67;US_PALLET;11180;9148;MAD;2016-04-30;09:53:03.70897+00;rigid_truck

291;2016-04-27 17:03:13.869055+00;2016-04-30 10:30:00+00;2016-04-30 11:00:00+00;PALLET;120;80;210;21000;MANIFESTED;8150;33;628;682;1035;39;EU_PALLET;28350;23196;BCN;2016-04-30;12:31:27.741656+00;semi_trailer

292;2016-04-27 17:04:46.497712+00;2016-04-30 11:00:00+00;2016-04-30 12:00:00+00;PALLET;120;80;210;21000;MANIFESTED;8150;33;628;436;603;39;EU_PALLET;28350;23196;BCN;2016-04-30;13:23:29.732922+00;semi_trailer

293;2016-04-28 12:54:24.976707+00;2016-04-30 15:00:00+00;2016-04-30 16:00:00+00;PALLET;110;110;160;1080;MANIFESTED;28400;2;925;126;205;15;CUSTOM_PALLET;7187;5881;MAD;2016-04-30;10:17:00.355628+00;rigid_truck

294;2016-04-30 07:44:48.251092+00;2016-04-30 10:00:00+00;2016-04-30 11:00:00+00;PALLET;120;80;160;10;CANCELLED;28021;1;165;138;163;18;EU_PALLET;5790;4737;MAD;2016-04-30;08:33:21.088773+00;van

295;2016-04-30 08:41:58.531565+00;2016-04-30 14:30:00+00;2016-04-30 16:00:00+00;PALLET;240;50;90;60;MANIFESTED;28840;1;892;18;27;54;CUSTOM_PALLET;10182;8331;MAD;2016-04-30;14:08:49.944038+00;box_van

296;2016-04-30 08:50:37.518037+00;2016-04-30 11:00:00+00;2016-04-30 12:00:00+00;PALLET;50;50;90;100;MANIFESTED;8820;7;628;503;720;12;CUSTOM_PALLET;7387;6044;BCN;2016-04-30;10:53:01.110877+00;rigid_truck

297;2016-04-30 08:54:55.441831+00;2016-04-30 11:00:00+00;2016-04-30 13:00:00+00;PALLET;120;80;90;262;MANIFESTED;28022;1;655;138;163;37;EU_PALLET;8385;6861;MAD;2016-04-30;12:32:52.399065+00;van

298;2016-04-30 08:59:32.452469+00;2016-04-30 11:00:00+00;2016-04-30 12:00:00+00;PALLET;120;80;90;25;MANIFESTED;8820;1;628;487;697;18;EU_PALLET;6588;5391;BCN;2016-04-30;10:35:45.500142+00;van

299;2016-04-30 09:02:59.492672+00;2016-04-30 11:00:00+00;2016-04-30 12:00:00+00;PALLET;120;80;140;5400;MANIFESTED;8450;6;406;631;960;12;EU_PALLET;15972;13068;BCN;2016-04-30;11:12:49.272814+00;rigid_truck

300;2016-04-30 09:10:14.854035+00;2016-04-30 12:00:00+00;2016-04-30 12:00:00+00;PALLET;120;80;120;23800;MANIFESTED;45250;23;4;171;237;40;EU_PALLET;26154;21399;MAD;2016-04-30;13:47:35.052563+00;semi_trailer

301;2016-04-30 11:27:36.295083+00;2016-04-30 14:00:00+00;2016-04-30 15:00:00+00;PALLET;120;80;240;18500;MANIFESTED;8150;33;628;601;917;39;EU_PALLET;36736;30056;BCN;2016-04-30;16:03:25.21419+00;semi_trailer

302;2016-04-30 12:19:56.907689+00;2016-05-01 11:00:00+00;2016-05-01 15:00:00+00;PALLET;120;100;185;1000;MANIFESTED;8770;1;1248;359;501;40;US_PALLET;10581;8658;BCN;2016-05-01;11:53:35.608609+00;rigid_truck

303;2016-04-30 12:35:37.530876+00;2016-04-30 15:00:00+00;2016-04-30 17:00:00+00;PALLET;120;80;180;990;MANIFESTED;8210;2;1128;503;720;27;EU_PALLET;10182;8331;BCN;2016-04-30;15:46:28.254409+00;rigid_truck

304;2016-04-30 12:48:09.699971+00;2016-05-01 11:00:00+00;2016-05-01 13:00:00+00;PALLET;120;80;200;1500;MANIFESTED;28821;6;796;667;1010;52;EU_PALLET;12179;9964;MAD;2016-05-01;09:44:44.305528+00;rigid_truck

305;2016-04-30 13:02:32.667091+00;2016-04-30 15:00:00+00;2016-04-30 17:00:00+00;PALLET;120;80;180;560;MANIFESTED;28823;2;1056;272;347;33;EU_PALLET;8785;7187;MAD;2016-04-30;16:19:37.537152+00;rigid_truck

306;2016-04-30 13:06:40.267825+00;2016-05-01 09:00:00+00;2016-05-01 10:00:00+00;PALLET;120;80;140;400;MANIFESTED;19200;2;6;138;163;38;EU_PALLET;5790;4737;MAD;2016-05-01;09:27:39.48567+00;van

307;2016-04-30 14:49:56.843545+00;2016-05-01 10:00:00+00;2016-05-01 12:00:00+00;PALLET;120;80;90;280;MANIFESTED;28906;1;1124;587;867;60;EU_PALLET;6988;5717;MAD;2016-05-01;09:24:40.572016+00;van

308;2016-04-30 14:57:18.436343+00;2016-05-01 06:00:00+00;2016-05-01 07:00:00+00;PALLET;120;80;120;1400;MANIFESTED;28820;4;700;569;828;45;EU_PALLET;11779;9638;MAD;2016-05-01;06:39:44.328678+00;tractor_unit

309;2016-04-30 15:21:12.595484+00;2016-05-01 07:00:00+00;2016-05-01 08:00:00+00;PALLET;120;80;140;1200;CANCELLED;8040;3;1255;498;712;35;EU_PALLET;10581;8658;BCN;2016-04-30;15:23:54.957422+00;rigid_truck

310;2016-04-30 16:05:00.222544+00;2016-05-01 12:00:00+00;2016-05-01 12:30:00+00;PALLET;120;80;210;1300;MANIFESTED;28814;6;632;614;856;0;EU_PALLET;7187;5881;MAD;2016-05-01;10:40:10.853351+00;rigid_truck

311;2016-04-30 16:14:48.846971+00;2016-05-01 06:00:00+00;2016-05-01 08:00:00+00;PALLET;230;120;90;1085;MANIFESTED;8820;2;628;627;953;44;CUSTOM_PALLET;12977;10618;BCN;2016-05-01;07:55:31.072125+00;rigid_truck

312;2016-04-30 16:43:57.136804+00;2016-05-01 11:00:00+00;2016-05-01 13:00:00+00;PALLET;50;50;90;100;MANIFESTED;28830;1;1210;618;923;12;CUSTOM_PALLET;5191;4247;MAD;2016-05-01;11:41:18.275734+00;rigid_truck

313;2016-04-30 16:44:49.709633+00;2016-05-01 08:00:00+00;2016-05-01 11:00:00+00;PALLET;190;110;120;461;MANIFESTED;28821;1;536;129;151;90;CUSTOM_PALLET;14574;11925;MAD;2016-05-01;09:13:57.61099+00;van

314;2016-04-30 17:02:27.033062+00;2016-05-01 12:00:00+00;2016-05-01 13:00:00+00;PALLET;120;80;200;2202;CANCELLED;8185;30;1259;222;294;12;EU_PALLET;21762;17805;BCN;2016-04-30;18:14:05.920771+00;semi_trailer

315;2016-04-30 18:14:44.687712+00;2016-05-01 12:00:00+00;2016-05-01 12:00:00+00;PALLET;120;80;140;600;MANIFESTED;40480;3;967;497;711;147;EU_PALLET;14574;11925;MAD;2016-05-01;18:15:52.363903+00;van

316;2016-04-30 18:16:44.687712+00;2016-05-01 11:00:00+00;2016-05-01 11:00:00+00;PALLET;120;80;160;4000;MANIFESTED;28821;14;536;663;1135;45;EU_PALLET;19566;16008;MAD;2016-05-01;11:23:53.377154+00;semi_trailer

317;2016-04-30 17:14:44.687712+00;2016-05-01 12:00:00+00;2016-05-01 12:00:00+00;PALLET;120;80;120;2000;MANIFESTED;45250;4;4;30;13;52;EU_PALLET;12778;10454;MAD;2016-05-01;12:01:08.470197+00;rigid_truck

318;2016-04-30 19:14:44.687712+00;2016-05-01 12:00:00+00;2016-05-01 13:00:00+00;PALLET;120;80;120;2160;MANIFESTED;28918;3;4;30;13;39;EU_PALLET;11779;9638;MAD;2016-05-01;13:30:13.620741+00;rigid_truck

319;2016-04-30 15:14:44.687712+00;2016-05-01 15:00:00+00;2016-05-01 15:00:00+00;PALLET;120;80;140;2500;MANIFESTED;5001;5;967;733;1209;107;EU_PALLET;15972;13068;MAD;2016-05-01;15:34:02.794561+00;rigid_truck

320;2016-04-30 18:04:44.687712+00;2016-05-01 13:00:00+00;2016-05-01 13:00:00+00;PALLET;60;80;90;64;MANIFESTED;28821;1;536;138;163;43;CUSTOM_PALLET;9384;7677;MAD;2016-05-01;11:17:44.242648+00;van

321;2016-04-30 12:14:44.687712+00;2016-05-01 08:00:00+00;2016-05-01 10:00:00+00;PALLET;120;80;90;49;MANIFESTED;28820;1;700;581;863;9;EU_PALLET;2795;2287;MAD;2016-05-01;17:35:04.966535+00;box_van

322;2016-04-30 11:14:44.687712+00;2016-05-01 15:00:00+00;2016-05-01 17:00:00+00;PALLET;120;80;100;260;MANIFESTED;28864;1;1052;276;397;57;EU_PALLET;9184;7514;MAD;2016-05-01;15:19:41.897179+00;box_van

323;2016-04-30 10:14:44.687712+00;2016-05-01 15:00:00+00;2016-05-01 18:00:00+00;PALLET;120;80;90;735;MANIFESTED;28830;5;1266;748;1126;12;EU_PALLET;8186;6697;MAD;2016-05-01;15:53:16.86831+00;rigid_truck

324;2016-04-30 20:14:44.687712+00;2016-05-01 15:00:00+00;2016-05-01 16:00:00+00;PALLET;120;80;160;600;MANIFESTED;28019;1;71;126;205;39;EU_PALLET;8385;6861;MAD;2016-05-01;15:16:37.736912+00;rigid_truck

325;2016-04-30 18:14:49.687712+00;2016-05-01 15:00:00+00;2016-05-01 17:00:00+00;PALLET;120;80;210;300;MANIFESTED;28850;1;1206;18;27;23;EU_PALLET;8186;6697;MAD;2016-05-01;14:45:17.734117+00;box_van

326;2016-04-30 15:14:40.687712+00;2016-05-01 17:00:00+00;2016-05-01 17:00:00+00;PALLET;120;80;90;5;MANIFESTED;28821;1;6;129;151;13;EU_PALLET;5790;4737;MAD;2016-05-01;15:29:25.198542+00;van

327;2016-04-30 08:14:44.687712+00;2016-05-01 17:30:00+00;2016-05-01 18:30:00+00;PALLET;100;70;100;4500;MANIFESTED;28918;9;1225;189;430;12;CUSTOM_PALLET;13976;11435;MAD;2016-05-01;18:04:26.199313+00;box_van

328;2016-04-30 18:14:55.687712+00;2016-05-01 18:00:00+00;2016-05-01 18:00:00+00;PALLET;120;80;120;750;MANIFESTED;28821;4;536;129;151;15;EU_PALLET;7187;5881;MAD;2016-05-01;17:24:59.511265+00;van
